n_loop,frame_id,all_delay,obj_n,bandwidth,reso,fps,encoder,face_detection_role,face_detection_ip,face_detection_proc_delay,face_detection_trans_ip,face_detection_trans_delay,face_detection_cpu_util_limit,face_detection_cpu_util_use,face_detection_mem_util_limit,face_detection_mem_util_use,gender_classification_role,gender_classification_ip,gender_classification_proc_delay,gender_classification_trans_ip,gender_classification_trans_delay,gender_classification_cpu_util_limit,gender_classification_cpu_util_use,gender_classification_mem_util_limit,gender_classification_mem_util_use
1118,3186.0,0.09373998641967773,1,75367.0076356925,360p,14,JPEG,host,192.168.1.7,0.09130390485127766,192.168.1.7,0.17790206273396814,0.25,0.158,1.0,0.011448554577110349,cloud,114.212.81.11,0.002436081568400065,114.212.81.11,0.023328940073649086,1.0,0.7861458333333333,1.0,0.0002496778412803801
1119,3188.0,0.10259898503621419,1,101723.56977872376,360p,14,JPEG,host,192.168.1.7,0.09971030553181966,192.168.1.7,0.1528603235880534,0.25,0.14483333333333334,1.0,0.011448554577110349,cloud,114.212.81.11,0.0028886795043945312,114.212.81.11,0.019945383071899414,1.0,0.759375,1.0,0.0002496778412803801
1120,3189.0,0.05124866962432861,1,101723.56977872376,360p,13,JPEG,cloud,114.212.81.11,0.0475236177444458,114.212.81.11,0.028648972511291504,1.0,0.035041666666666665,1.0,0.0003606491405509432,cloud,114.212.81.11,0.0037250518798828125,114.212.81.11,0.03574848175048828,1.0,0.7441041666666667,1.0,0.0002496778412803801
1121,3191.0,0.0339349905649821,1,101723.56977872376,360p,13,JPEG,cloud,114.212.81.11,0.0311278502146403,114.212.81.11,0.013702789942423504,1.0,0.035666666666666666,1.0,0.0003606491405509432,cloud,114.212.81.11,0.002807140350341797,114.212.81.11,0.03403027852376302,1.0,0.7076041666666667,1.0,0.0002496778412803801
1122,3193.0,0.03550251324971517,1,101723.56977872376,360p,13,JPEG,cloud,114.212.81.11,0.03310036659240723,114.212.81.11,0.01200286547342936,1.0,0.03354166666666667,1.0,0.0003606491405509432,cloud,114.212.81.11,0.002402146657307943,114.212.81.11,0.04214223225911458,1.0,0.7963749999999999,1.0,0.0002496778412803801
1123,3195.0,0.03431868553161621,1,101723.56977872376,360p,13,JPEG,cloud,114.212.81.11,0.03208112716674805,114.212.81.11,0.04382212956746419,1.0,0.03675,1.0,0.0003606491405509432,cloud,114.212.81.11,0.002237558364868164,114.212.81.11,0.04012878735860189,1.0,0.7623541666666668,1.0,0.0002496778412803801
1124,3197.0,0.03319819768269857,1,63500.18454007202,360p,13,JPEG,cloud,114.212.81.11,0.030891577402750652,114.212.81.11,0.01614491144816081,1.0,0.035916666666666666,1.0,0.0003606491405509432,cloud,114.212.81.11,0.0023066202799479165,114.212.81.11,0.025027116139729817,1.0,0.77,1.0,0.0002496778412803801
1125,3199.0,0.03534944852193197,1,63500.18454007202,360p,13,JPEG,cloud,114.212.81.11,0.03259754180908203,114.212.81.11,0.010363260904947914,1.0,0.036166666666666666,1.0,0.0003606491405509432,cloud,114.212.81.11,0.002751906712849935,114.212.81.11,0.019787947336832683,1.0,0.7475208333333333,1.0,0.0002496778412803801
1126,3200.0,0.05214834213256836,1,63500.18454007202,360p,13,JPEG,cloud,114.212.81.11,0.04874908924102783,114.212.81.11,0.03594779968261719,1.0,0.032,1.0,0.0003606491405509432,cloud,114.212.81.11,0.0033992528915405273,114.212.81.11,0.04116809368133545,1.0,0.753,1.0,0.0002496778412803801
1127,3202.0,0.0334614912668864,1,63500.18454007202,360p,13,JPEG,cloud,114.212.81.11,0.03119174639383952,114.212.81.11,0.020987987518310543,1.0,0.035604166666666666,1.0,0.0003606491405509432,cloud,114.212.81.11,0.002269744873046875,114.212.81.11,0.02947688102722168,1.0,0.7828333333333334,1.0,0.0002496778412803801
1128,3204.0,0.03358109792073567,1,63500.18454007202,360p,13,JPEG,cloud,114.212.81.11,0.031031688054402668,114.212.81.11,0.0263819694519043,1.0,0.03577083333333333,1.0,0.0003606491405509432,cloud,114.212.81.11,0.002549409866333008,114.212.81.11,0.0235134760538737,1.0,0.7520208333333334,1.0,0.0002496778412803801
1129,3206.0,0.03545236587524414,1,63500.18454007202,360p,13,JPEG,cloud,114.212.81.11,0.03314836819966634,114.212.81.11,0.01859307289123535,1.0,0.033479166666666664,1.0,0.0003606491405509432,cloud,114.212.81.11,0.0023039976755777993,114.212.81.11,0.020951032638549805,1.0,0.7128333333333333,1.0,0.0002496778412803801
1130,3208.0,0.03551475207010905,1,63500.18454007202,360p,13,JPEG,cloud,114.212.81.11,0.033150831858317055,114.212.81.11,0.014351129531860352,1.0,0.0355625,1.0,0.0003606491405509432,cloud,114.212.81.11,0.002363920211791992,114.212.81.11,0.024426857630411785,1.0,0.7195625,1.0,0.0002496778412803801
1131,3209.0,0.2239769697189331,1,87347.3938582118,720p,10,JPEG,cloud,114.212.81.11,0.22042977809906006,114.212.81.11,0.051290273666381836,1.0,0.023145833333333334,1.0,0.0003606491405509432,cloud,114.212.81.11,0.003547191619873047,114.212.81.11,0.04582929611206055,1.0,0.72275,1.0,0.0002496778412803801
1132,3210.0,0.19318938255310059,1,87347.3938582118,720p,10,JPEG,cloud,114.212.81.11,0.18950653076171875,114.212.81.11,0.052076101303100586,1.0,0.0241875,1.0,0.0003606491405509432,cloud,114.212.81.11,0.003682851791381836,114.212.81.11,0.0354844331741333,1.0,0.7531666666666667,1.0,0.0002496778412803801
1133,3213.0,0.11214184761047363,1,87347.3938582118,720p,10,JPEG,cloud,114.212.81.11,0.10972964763641357,114.212.81.11,0.025613009929656982,1.0,0.023249999999999996,1.0,0.0003606491405509432,cloud,114.212.81.11,0.0024121999740600586,114.212.81.11,0.01888209581375122,1.0,0.6432708333333333,1.0,0.0002496778412803801
1134,3215.0,0.14704648653666177,1,75289.61744680151,720p,10,JPEG,cloud,114.212.81.11,0.1448816458384196,114.212.81.11,0.03580665588378906,1.0,0.0244375,1.0,0.0003606491405509432,cloud,114.212.81.11,0.0021648406982421875,114.212.81.11,0.032292683919270836,1.0,0.7622291666666666,1.0,0.0002496778412803801
1135,3218.0,0.10042738914489746,1,75289.61744680151,720p,10,JPEG,cloud,114.212.81.11,0.09866613149642944,114.212.81.11,0.022890210151672363,1.0,0.023749999999999997,1.0,0.0003606491405509432,cloud,114.212.81.11,0.0017612576484680176,114.212.81.11,0.024568378925323486,1.0,0.75725,1.0,0.0002496778412803801
1136,3220.0,0.1422712008158366,1,75289.61744680151,720p,10,JPEG,cloud,114.212.81.11,0.13994439442952475,114.212.81.11,0.03237303098042804,1.0,0.0243125,1.0,0.0003606491405509432,cloud,114.212.81.11,0.002326806386311849,114.212.81.11,0.026095151901245117,1.0,0.7671666666666667,1.0,0.0002496778412803801
1137,3223.0,0.10143661499023438,1,75289.61744680151,720p,10,JPEG,cloud,114.212.81.11,0.09965091943740845,114.212.81.11,0.02483236789703369,1.0,0.0245625,1.0,0.0003606491405509432,cloud,114.212.81.11,0.0017856955528259277,114.212.81.11,0.0128096342086792,1.0,0.7770625,1.0,0.0002496778412803801
1138,3225.0,0.15314356486002603,1,69687.74557849743,720p,10,JPEG,cloud,114.212.81.11,0.15077662467956543,114.212.81.11,0.036162376403808594,1.0,0.0239375,1.0,0.0003606491405509432,cloud,114.212.81.11,0.002366940180460612,114.212.81.11,0.022835254669189453,1.0,0.751125,1.0,0.0002496778412803801
1139,3228.0,0.33971285820007324,1,69687.74557849743,720p,10,JPEG,host,192.168.1.7,0.337843656539917,192.168.1.7,0.3326646089553833,0.3,0.16516666666666666,1.0,0.011448554577110349,cloud,114.212.81.11,0.00186920166015625,114.212.81.11,0.010313034057617188,1.0,0.7984375,1.0,0.0002496778412803801
1140,3230.0,0.4502965609232585,1,65771.96565397974,720p,10,JPEG,host,192.168.1.7,0.4478854338328044,192.168.1.7,0.4057876269022624,0.3,0.16616666666666666,1.0,0.011448554577110349,cloud,114.212.81.11,0.0024111270904541016,114.212.81.11,0.02340539296468099,1.0,0.7687708333333333,1.0,0.0002496778412803801
1141,3233.0,0.3367442488670349,1,76642.27630812561,720p,10,JPEG,host,192.168.1.7,0.3349887728691101,192.168.1.7,0.7970807552337646,0.3,0.16533333333333333,1.0,0.011448554577110349,cloud,114.212.81.11,0.0017554759979248047,114.212.81.11,0.025354862213134766,1.0,0.7595416666666667,1.0,0.0002496778412803801
1142,3235.0,0.44835766156514484,1,67652.03633292236,720p,10,JPEG,host,192.168.1.7,0.44607194264729816,192.168.1.7,0.5179173946380615,0.3,0.16566666666666668,1.0,0.011448554577110349,cloud,114.212.81.11,0.0022857189178466797,114.212.81.11,0.01609961191813151,1.0,0.7498958333333333,1.0,0.0002496778412803801
1143,3238.0,0.3396272659301758,1,38721.34066262842,720p,10,JPEG,host,192.168.1.7,0.3378652334213257,192.168.1.7,0.5898961424827576,0.3,0.16516666666666666,1.0,0.011448554577110349,cloud,114.212.81.11,0.0017620325088500977,114.212.81.11,0.017845571041107178,1.0,0.7564791666666667,1.0,0.0002496778412803801
1144,3240.0,0.4495097001393636,1,65777.76187673779,720p,10,JPEG,host,192.168.1.7,0.4470539093017578,192.168.1.7,0.3623058795928955,0.3,0.16533333333333333,1.0,0.011448554577110349,cloud,114.212.81.11,0.0024557908376057944,114.212.81.11,0.017172495524088543,1.0,0.752625,1.0,0.0002496778412803801
1145,3243.0,0.37248581647872925,1,82304.98434746166,720p,10,JPEG,host,192.168.1.7,0.3356708288192749,192.168.1.7,0.052438318729400635,0.3,0.165,1.0,0.011448554577110349,host,192.168.1.7,0.036814987659454346,192.168.1.7,0.06658792495727539,0.7,0.29383333333333334,1.0,0.007255075943420846
1146,3245.0,0.5213632583618164,1,67244.64392486915,720p,10,JPEG,host,192.168.1.7,0.4484140872955322,192.168.1.7,1.0813855330149333,0.3,0.16466666666666666,1.0,0.011448554577110349,host,192.168.1.7,0.07294917106628418,192.168.1.7,0.255043903986613,0.7,0.213,1.0,0.007255075943420846
1147,3248.0,0.38747572898864746,1,78250.14389271667,720p,10,JPEG,host,192.168.1.7,0.3348783850669861,192.168.1.7,0.6917865872383118,0.3,0.1655,1.0,0.011448554577110349,host,192.168.1.7,0.05259734392166138,192.168.1.7,0.10504305362701416,0.7,0.22166666666666668,1.0,0.007255075943420846
1148,3250.0,0.5028871695200602,1,48795.13822655322,720p,10,JPEG,host,192.168.1.7,0.4502737522125244,192.168.1.7,0.5425175825754801,0.3,0.16533333333333333,1.0,0.011448554577110349,host,192.168.1.7,0.052613417307535805,192.168.1.7,0.04166332880655924,0.7,0.30583333333333335,1.0,0.007255075943420846
1149,3253.0,0.4193602204322815,1,58251.458417620364,720p,10,JPEG,host,192.168.1.7,0.3382176160812378,192.168.1.7,0.42697572708129883,0.3,0.16633333333333333,1.0,0.011448554577110349,host,192.168.1.7,0.0811426043510437,192.168.1.7,0.08475589752197266,0.7,0.18483333333333332,1.0,0.007255075943420846
1150,3255.0,0.5329469839731852,1,91572.48409047461,720p,10,JPEG,host,192.168.1.7,0.45251011848449707,192.168.1.7,0.6805559794108074,0.3,0.16566666666666668,1.0,0.011448554577110349,host,192.168.1.7,0.08043686548868816,192.168.1.7,0.5995287895202637,0.7,0.1725,1.0,0.007255075943420846
1151,3256.0,0.22896826267242432,1,91572.48409047461,720p,11,JPEG,cloud,114.212.81.11,0.2254502773284912,114.212.81.11,0.06323421001434326,1.0,0.024020833333333335,1.0,0.0003606491405509432,cloud,114.212.81.11,0.0035179853439331055,114.212.81.11,0.0395892858505249,1.0,0.75825,1.0,0.0002496778412803801
1152,3257.0,0.21838819980621338,1,91572.48409047461,720p,11,JPEG,cloud,114.212.81.11,0.21458947658538818,114.212.81.11,0.0630807876586914,1.0,0.024270833333333335,1.0,0.0003606491405509432,cloud,114.212.81.11,0.0037987232208251953,114.212.81.11,0.04500126838684082,1.0,0.7297916666666667,1.0,0.0002496778412803801
1153,3260.0,0.09718787670135498,1,81978.5435354541,720p,11,JPEG,cloud,114.212.81.11,0.09542876482009888,114.212.81.11,0.028577446937561035,1.0,0.025104166666666667,1.0,0.0003606491405509432,cloud,114.212.81.11,0.0017591118812561035,114.212.81.11,0.015100240707397461,1.0,0.7290416666666667,1.0,0.0002496778412803801
1154,3262.0,0.13517936070760092,1,81978.5435354541,720p,11,JPEG,cloud,114.212.81.11,0.1328714688618978,114.212.81.11,0.03051606814066568,1.0,0.025083333333333332,1.0,0.0003606491405509432,cloud,114.212.81.11,0.002307891845703125,114.212.81.11,0.028479814529418945,1.0,0.7723125,1.0,0.0002496778412803801
1155,3264.0,0.1307957967122396,1,81978.5435354541,720p,11,JPEG,cloud,114.212.81.11,0.12845706939697266,114.212.81.11,0.040013869603474944,1.0,0.0243125,1.0,0.0003606491405509432,cloud,114.212.81.11,0.0023387273152669272,114.212.81.11,0.024960994720458984,1.0,0.7040000000000001,1.0,0.0002496778412803801
1156,3266.0,0.14496517181396484,1,81978.5435354541,720p,11,JPEG,cloud,114.212.81.11,0.14266506830851236,114.212.81.11,0.04690106709798178,1.0,0.024333333333333332,1.0,0.0003606491405509432,cloud,114.212.81.11,0.002300103505452474,114.212.81.11,0.022223552068074547,1.0,0.74375,1.0,0.0002496778412803801
1157,3269.0,0.09823441505432129,1,54900.30600303833,720p,11,JPEG,cloud,114.212.81.11,0.09653198719024658,114.212.81.11,0.018764495849609375,1.0,0.024812499999999998,1.0,0.0003606491405509432,cloud,114.212.81.11,0.001702427864074707,114.212.81.11,0.016237914562225342,1.0,0.7838333333333334,1.0,0.0002496778412803801
1158,3270.0,2.69371497631073,1,88406.93537128894,720p,12,JPEG,host,192.168.1.7,2.2482084035873413,192.168.1.7,0.7655230760574341,0.05,0.050333333333333334,1.0,0.011448554577110349,host,192.168.1.7,0.44550657272338867,192.168.1.7,0.39671778678894043,0.05,0.050499999999999996,1.0,0.007255075943420846
1159,3271.0,2.589597702026367,1,64041.408896933106,720p,12,JPEG,host,192.168.1.7,2.210713028907776,192.168.1.7,0.8954848051071167,0.05,0.050499999999999996,1.0,0.011448554577110349,host,192.168.1.7,0.3788846731185913,192.168.1.7,0.04738163948059082,0.05,0.057166666666666664,1.0,0.007255075943420846
1160,3273.0,1.7512259483337402,1,80015.5664997599,720p,12,JPEG,host,192.168.1.7,1.4729502995808919,192.168.1.7,0.229079008102417,0.05,0.050833333333333335,1.0,0.011448554577110349,host,192.168.1.7,0.2782756487528483,192.168.1.7,0.4894092877705892,0.05,0.05383333333333332,1.0,0.007255075943420846
1161,3275.0,1.832923173904419,1,79151.86262471839,720p,12,JPEG,host,192.168.1.7,1.495282729466756,192.168.1.7,0.20479154586791992,0.05,0.050499999999999996,1.0,0.011448554577110349,host,192.168.1.7,0.3376404444376628,192.168.1.7,0.2993198235829671,0.05,0.051,1.0,0.007255075943420846
1162,3278.0,1.3077206015586853,1,77415.173098146,720p,12,JPEG,host,192.168.1.7,1.1035431623458862,192.168.1.7,0.5676022171974182,0.05,0.050666666666666665,1.0,0.011448554577110349,host,192.168.1.7,0.20417743921279907,192.168.1.7,0.03607678413391113,0.05,0.05266666666666667,1.0,0.007255075943420846
1163,3280.0,1.827965577443441,1,80367.38591430883,720p,12,JPEG,host,192.168.1.7,1.4851454893747966,192.168.1.7,0.6674213409423826,0.05,0.050166666666666665,1.0,0.011448554577110349,host,192.168.1.7,0.3428200880686442,192.168.1.7,0.13912510871887207,0.05,0.04699999999999999,1.0,0.007255075943420846
1164,3282.0,0.4943394660949707,1,65758.5597103562,720p,12,JPEG,host,192.168.1.7,0.49129923184712726,192.168.1.7,1.088689963022868,0.15,0.1515,1.0,0.011448554577110349,cloud,114.212.81.11,0.0030402342478434243,114.212.81.11,0.033397118250528976,1.0,0.7469791666666666,1.0,0.0002496778412803801
1165,3284.0,0.5655949115753174,1,49426.35242817566,720p,12,JPEG,host,192.168.1.7,0.563113292058309,192.168.1.7,0.5679429372151693,0.15,0.13216666666666665,1.0,0.011448554577110349,cloud,114.212.81.11,0.0024816195170084634,114.212.81.11,0.026134411493937172,1.0,0.7158541666666666,1.0,0.0002496778412803801
1166,3286.0,0.493880828221639,1,61128.49200496814,720p,12,JPEG,host,192.168.1.7,0.4914581775665283,192.168.1.7,0.20101777712504065,0.15,0.1515,1.0,0.011448554577110349,cloud,114.212.81.11,0.0024226506551106772,114.212.81.11,0.02963685989379883,1.0,0.76175,1.0,0.0002496778412803801
1167,3288.0,0.4921074708302816,1,79785.48734461157,720p,12,JPEG,host,192.168.1.7,0.4892079035441081,192.168.1.7,0.644049882888794,0.15,0.151,1.0,0.011448554577110349,cloud,114.212.81.11,0.0028995672861735025,114.212.81.11,0.023223002751668293,1.0,0.7569374999999999,1.0,0.0002496778412803801
1168,3290.0,0.49696437517801917,1,62028.81180537439,720p,12,JPEG,host,192.168.1.7,0.49462517102559406,192.168.1.7,0.652155081431071,0.15,0.15166666666666667,1.0,0.011448554577110349,cloud,114.212.81.11,0.0023392041524251304,114.212.81.11,0.02111180623372396,1.0,0.7301666666666667,1.0,0.0002496778412803801
1169,3292.0,0.49123501777648926,1,65671.82126937866,720p,12,JPEG,host,192.168.1.7,0.48889509836832684,192.168.1.7,0.7550063927968342,0.15,0.15116666666666667,1.0,0.011448554577110349,cloud,114.212.81.11,0.002339919408162435,114.212.81.11,0.031096537907918293,1.0,0.7296458333333334,1.0,0.0002496778412803801
1170,3293.0,1.5163049697875977,1,89455.49932329383,720p,10,JPEG,host,192.168.1.7,1.424896240234375,192.168.1.7,1.7984251976013184,0.1,0.079,1.0,0.011448554577110349,host,192.168.1.7,0.09140872955322266,192.168.1.7,0.1999037265777588,0.25,0.273,1.0,0.007255075943420846
1171,3295.0,0.8041067918141682,1,76349.90814748376,720p,10,JPEG,host,192.168.1.7,0.7377909819285074,192.168.1.7,0.16053342819213867,0.1,0.10083333333333333,1.0,0.011448554577110349,host,192.168.1.7,0.06631580988566081,192.168.1.7,0.5512418746948242,0.25,0.2595,1.0,0.007255075943420846
1172,3298.0,0.604394257068634,1,88527.81414659167,720p,10,JPEG,host,192.168.1.7,0.5528146624565125,192.168.1.7,0.19054269790649414,0.1,0.10099999999999999,1.0,0.011448554577110349,host,192.168.1.7,0.05157959461212158,192.168.1.7,0.3355669379234314,0.25,0.21783333333333332,1.0,0.007255075943420846
1173,3300.0,0.7909685770670573,1,67776.4728574369,720p,10,JPEG,host,192.168.1.7,0.7387971878051758,192.168.1.7,0.46718358993530273,0.1,0.10083333333333333,1.0,0.011448554577110349,host,192.168.1.7,0.05217138926188151,192.168.1.7,0.023691813151041664,0.25,0.319,1.0,0.007255075943420846
1174,3303.0,0.6197671890258789,1,55138.72894666101,720p,10,JPEG,host,192.168.1.7,0.5790141820907593,192.168.1.7,0.3154955506324768,0.1,0.09716666666666667,1.0,0.011448554577110349,host,192.168.1.7,0.04075300693511963,192.168.1.7,0.02598470449447632,0.25,0.2553333333333333,1.0,0.007255075943420846
1175,3305.0,0.7923611799875895,1,70387.34348079003,720p,10,JPEG,host,192.168.1.7,0.7368675867716471,192.168.1.7,0.2382227579752605,0.1,0.10099999999999999,1.0,0.011448554577110349,host,192.168.1.7,0.05549359321594238,192.168.1.7,0.03779371579488118,0.25,0.26,1.0,0.007255075943420846
1176,3306.0,0.8013746738433838,1,73999.11684499902,720p,12,JPEG,host,192.168.1.7,0.6723545789718628,192.168.1.7,1.0485608577728271,0.2,0.16483333333333336,1.0,0.011448554577110349,host,192.168.1.7,0.129020094871521,192.168.1.7,0.2555863857269287,0.2,0.18716666666666668,1.0,0.007255075943420846
1177,3307.0,0.8014861345291138,1,65050.1872563971,720p,12,JPEG,host,192.168.1.7,0.6744132041931152,192.168.1.7,0.8837131261825562,0.2,0.16433333333333333,1.0,0.011448554577110349,host,192.168.1.7,0.12707293033599854,192.168.1.7,0.055197715759277344,0.2,0.18999999999999997,1.0,0.007255075943420846
1178,3309.0,0.5181245803833008,1,84219.67882985681,720p,12,JPEG,host,192.168.1.7,0.4462406635284424,192.168.1.7,0.4764536221822103,0.2,0.1668333333333333,1.0,0.011448554577110349,host,192.168.1.7,0.0718839168548584,192.168.1.7,0.03760186831156413,0.2,0.20083333333333334,1.0,0.007255075943420846
1179,3311.0,0.5231775442759196,1,75803.22574146106,720p,12,JPEG,host,192.168.1.7,0.4473317464192708,192.168.1.7,0.8425854047139487,0.2,0.16633333333333333,1.0,0.011448554577110349,host,192.168.1.7,0.07584579785664876,192.168.1.7,0.04287465413411459,0.2,0.21216666666666664,1.0,0.007255075943420846
1180,3313.0,0.5269815127054851,1,56760.058134804196,720p,12,JPEG,host,192.168.1.7,0.4490639368693034,192.168.1.7,0.38940286636352534,0.2,0.16566666666666668,1.0,0.011448554577110349,host,192.168.1.7,0.07791757583618164,192.168.1.7,0.10592412948608398,0.2,0.18516666666666667,1.0,0.007255075943420846
1181,3315.0,0.5075050195058186,1,48907.642481836425,720p,12,JPEG,host,192.168.1.7,0.45272668202718097,192.168.1.7,0.49997512499491376,0.2,0.16566666666666668,1.0,0.011448554577110349,host,192.168.1.7,0.054778337478637695,192.168.1.7,0.027902444203694657,0.2,0.29366666666666663,1.0,0.007255075943420846
1182,3316.0,2.2081090211868286,1,48642.22765991162,720p,10,JPEG,host,192.168.1.7,2.2045278549194336,192.168.1.7,0.9564639329910278,0.05,0.051,1.0,0.011448554577110349,cloud,114.212.81.11,0.0035811662673950195,114.212.81.11,0.03509366512298584,1.0,0.7442500000000001,1.0,0.0002496778412803801
1183,3318.0,1.4697938760121663,1,68206.08576277441,720p,10,JPEG,host,192.168.1.7,1.4675734837849934,192.168.1.7,0.8217631181081135,0.05,0.051166666666666666,1.0,0.011448554577110349,cloud,114.212.81.11,0.0022203922271728516,114.212.81.11,0.02843499183654785,1.0,0.7415833333333333,1.0,0.0002496778412803801
1184,3320.0,1.4761875470479329,1,63275.535700984256,720p,10,JPEG,host,192.168.1.7,1.4736779530843098,192.168.1.7,0.31497907638549805,0.05,0.050499999999999996,1.0,0.011448554577110349,cloud,114.212.81.11,0.002509593963623047,114.212.81.11,0.02466471989949544,1.0,0.7096666666666667,1.0,0.0002496778412803801
1185,3323.0,1.1053184866905212,1,82087.33366950329,720p,10,JPEG,host,192.168.1.7,1.1034994721412659,192.168.1.7,0.3945764899253845,0.05,0.050666666666666665,1.0,0.011448554577110349,cloud,114.212.81.11,0.001819014549255371,114.212.81.11,0.017358720302581787,1.0,0.6526875,1.0,0.0002496778412803801
1186,3325.0,1.4761993090311687,1,89799.04880151452,720p,10,JPEG,host,192.168.1.7,1.4739193121592205,192.168.1.7,0.41047708193461085,0.05,0.050499999999999996,1.0,0.011448554577110349,cloud,114.212.81.11,0.002279996871948242,114.212.81.11,0.017264445622762043,1.0,0.719125,1.0,0.0002496778412803801
1187,3328.0,1.106708824634552,1,68146.432156849,720p,10,JPEG,host,192.168.1.7,1.105129063129425,192.168.1.7,0.2038915753364563,0.05,0.050499999999999996,1.0,0.011448554577110349,cloud,114.212.81.11,0.0015797615051269531,114.212.81.11,0.01911979913711548,1.0,0.7171666666666666,1.0,0.0002496778412803801
1188,3330.0,0.45333536465962726,1,64356.26795809351,720p,10,JPEG,host,192.168.1.7,0.45093584060668945,192.168.1.7,0.6974410216013591,0.2,0.16383333333333333,1.0,0.011448554577110349,cloud,114.212.81.11,0.0023995240529378257,114.212.81.11,0.02204585075378418,1.0,0.7398124999999999,1.0,0.0002496778412803801
1189,3333.0,0.3380923271179199,1,62909.97314878137,720p,10,JPEG,host,192.168.1.7,0.336314857006073,192.168.1.7,0.8946180939674377,0.2,0.16466666666666666,1.0,0.011448554577110349,cloud,114.212.81.11,0.0017774701118469238,114.212.81.11,0.030937254428863525,1.0,0.7502291666666666,1.0,0.0002496778412803801
1190,3335.0,0.45125476519266766,1,64787.098688231934,720p,10,JPEG,host,192.168.1.7,0.4489319324493408,192.168.1.7,0.17022005716959632,0.2,0.16583333333333333,1.0,0.011448554577110349,cloud,114.212.81.11,0.0023228327433268228,114.212.81.11,0.02832667032877604,1.0,0.6770208333333333,1.0,0.0002496778412803801
1191,3338.0,0.33764904737472534,1,82329.9204617511,720p,10,JPEG,host,192.168.1.7,0.33578115701675415,192.168.1.7,0.3843305706977844,0.2,0.165,1.0,0.011448554577110349,cloud,114.212.81.11,0.0018678903579711914,114.212.81.11,0.027974367141723633,1.0,0.7152708333333333,1.0,0.0002496778412803801
1192,3340.0,0.4530167579650879,1,84737.69401396778,720p,10,JPEG,host,192.168.1.7,0.4506831169128418,192.168.1.7,0.45639117558797204,0.2,0.16516666666666666,1.0,0.011448554577110349,cloud,114.212.81.11,0.0023336410522460938,114.212.81.11,0.030841430028279625,1.0,0.6730208333333333,1.0,0.0002496778412803801
1193,3343.0,0.5160771608352661,1,79551.07433087415,720p,10,JPEG,host,192.168.1.7,0.5142993330955505,192.168.1.7,0.1885615587234497,0.2,0.10849999999999999,1.0,0.011448554577110349,cloud,114.212.81.11,0.0017778277397155762,114.212.81.11,0.016417086124420166,1.0,0.6632291666666666,1.0,0.0002496778412803801
1194,3345.0,0.14917643864949542,1,79551.07433087415,720p,10,JPEG,cloud,114.212.81.11,0.14659587542215982,114.212.81.11,0.03078754742940268,1.0,0.024145833333333335,1.0,0.0003606491405509432,cloud,114.212.81.11,0.002580563227335612,114.212.81.11,0.03650252024332683,1.0,0.6938541666666667,1.0,0.0002496778412803801
1195,3348.0,0.10400629043579102,1,79551.07433087415,720p,10,JPEG,cloud,114.212.81.11,0.1021462082862854,114.212.81.11,0.03988450765609741,1.0,0.02395833333333333,1.0,0.0003606491405509432,cloud,114.212.81.11,0.0018600821495056152,114.212.81.11,0.024777352809906006,1.0,0.6628125,1.0,0.0002496778412803801
1196,3350.0,0.14435529708862305,1,59036.90420125,720p,10,JPEG,cloud,114.212.81.11,0.1420599619547526,114.212.81.11,0.02831411361694336,1.0,0.0244375,1.0,0.0003606491405509432,cloud,114.212.81.11,0.002295335133870443,114.212.81.11,0.019902944564819336,1.0,0.7141875,1.0,0.0002496778412803801
1197,3353.0,0.09613925218582153,1,59036.90420125,720p,10,JPEG,cloud,114.212.81.11,0.09451150894165039,114.212.81.11,0.019354403018951416,1.0,0.024791666666666667,1.0,0.0003606491405509432,cloud,114.212.81.11,0.0016277432441711426,114.212.81.11,0.01738065481185913,1.0,0.7270833333333333,1.0,0.0002496778412803801
1198,3355.0,0.1455248196919759,1,59036.90420125,720p,10,JPEG,cloud,114.212.81.11,0.14332191149393717,114.212.81.11,0.04112855593363446,1.0,0.024229166666666666,1.0,0.0003606491405509432,cloud,114.212.81.11,0.002202908198038737,114.212.81.11,0.030851205190022785,1.0,0.7798333333333333,1.0,0.0002496778412803801
1199,3358.0,0.1000901460647583,1,59609.374971065554,720p,10,JPEG,cloud,114.212.81.11,0.09823834896087646,114.212.81.11,0.02754509449005127,1.0,0.023854166666666666,1.0,0.0003606491405509432,cloud,114.212.81.11,0.001851797103881836,114.212.81.11,0.019076049327850342,1.0,0.6927916666666666,1.0,0.0002496778412803801
1200,3359.0,2.3956260681152344,1,76993.247281578,720p,12,JPEG,host,192.168.1.7,2.2077614068984985,192.168.1.7,0.49750494956970215,0.05,0.050499999999999996,1.0,0.011448554577110349,host,192.168.1.7,0.18786466121673584,192.168.1.7,1.0574805736541748,0.1,0.12416666666666666,1.0,0.007255075943420846
1201,3361.0,1.6403297583262126,1,56219.88523677734,720p,12,JPEG,host,192.168.1.7,1.4753867785135906,192.168.1.7,0.293129285176595,0.05,0.050499999999999996,1.0,0.011448554577110349,host,192.168.1.7,0.16494297981262207,192.168.1.7,0.12361407279968262,0.1,0.08750000000000001,1.0,0.007255075943420846
1202,3363.0,1.6154044469197593,1,63293.82280045313,720p,12,JPEG,host,192.168.1.7,1.4732908407847087,192.168.1.7,0.6803752581278484,0.05,0.050499999999999996,1.0,0.011448554577110349,host,192.168.1.7,0.14211360613505045,192.168.1.7,0.02606940269470215,0.1,0.11716666666666666,1.0,0.007255075943420846
1203,3365.0,1.605267842610677,1,66502.83415307372,720p,12,JPEG,host,192.168.1.7,1.4730473359425862,192.168.1.7,0.24367618560791016,0.05,0.050833333333333335,1.0,0.011448554577110349,host,192.168.1.7,0.13222050666809082,192.168.1.7,0.33188621203104657,0.1,0.10916666666666668,1.0,0.007255075943420846
1204,3367.0,1.6233935356140137,1,61727.31084763855,720p,12,JPEG,host,192.168.1.7,1.4715112845102947,192.168.1.7,0.5992154280344646,0.05,0.050666666666666665,1.0,0.011448554577110349,host,192.168.1.7,0.15188225110371908,192.168.1.7,0.4584998289744059,0.1,0.10233333333333333,1.0,0.007255075943420846
1205,3369.0,1.6436973412831626,1,71746.42096242114,720p,12,JPEG,host,192.168.1.7,1.4737528959910076,192.168.1.7,0.1872983773549397,0.05,0.050499999999999996,1.0,0.011448554577110349,host,192.168.1.7,0.16994444529215494,192.168.1.7,0.3754332860310873,0.1,0.10133333333333333,1.0,0.007255075943420846
1206,3370.0,2.4998220205307007,1,68962.75134725012,720p,11,JPEG,host,192.168.1.7,2.247468590736389,192.168.1.7,0.5854440927505493,0.05,0.049999999999999996,1.0,0.011448554577110349,host,192.168.1.7,0.2523534297943115,192.168.1.7,0.34010398387908936,0.1,0.09566666666666666,1.0,0.007255075943420846
1207,3371.0,2.386432409286499,1,68049.53267449707,720p,11,JPEG,host,192.168.1.7,2.197551727294922,192.168.1.7,0.6334260702133179,0.05,0.051166666666666666,1.0,0.011448554577110349,host,192.168.1.7,0.18888068199157715,192.168.1.7,0.557701826095581,0.1,0.1235,1.0,0.007255075943420846
1208,3373.0,1.6023428440093994,1,74673.62467523034,720p,11,JPEG,host,192.168.1.7,1.471361478169759,192.168.1.7,0.46939055124918627,0.05,0.050666666666666665,1.0,0.011448554577110349,host,192.168.1.7,0.1309813658396403,192.168.1.7,0.769935131072998,0.1,0.11866666666666668,1.0,0.007255075943420846
1209,3375.0,1.6476526260375977,1,71804.41087417127,720p,11,JPEG,host,192.168.1.7,1.4734009106953938,192.168.1.7,0.20828803380330418,0.05,0.050833333333333335,1.0,0.011448554577110349,host,192.168.1.7,0.17425171534220377,192.168.1.7,0.2918604214986166,0.1,0.08283333333333334,1.0,0.007255075943420846
1210,3378.0,1.2038031220436096,1,78133.78997099634,720p,11,JPEG,host,192.168.1.7,1.097056806087494,192.168.1.7,0.6654106974601746,0.05,0.051333333333333335,1.0,0.011448554577110349,host,192.168.1.7,0.10674631595611572,192.168.1.7,0.023860573768615723,0.1,0.117,1.0,0.007255075943420846
